day,revenue_usd,cost_usd,penalty_usd,nutrient,pher_awareness_interest,pher_interest_discovery,pher_discovery_starter,pher_starter_professional,pher_professional_enterprise
1,5500.0,700.9999999999994,0.0,4798.9999999999945,2.0194782237244775,1.2360628320945404,1.154458944180982,0.485,0.291
2,1000.0,1.0000000000000004,0.0,999.0000000000007,3.3295860002584057,1.3282888238860417,1.1198251758555526,0.47045,0.28226999999999997
3,3000.0,350.99999999999926,0.0,2649.000000000001,4.5044380956994505,1.4356150155147627,1.1643158887857867,0.4563365,0.27380189999999993
4,5000.0,700.9999999999993,0.0,4298.999999999993,5.533957243800481,1.5602204195633127,1.2970602666362059,0.44264640499999997,0.26558784299999993
5,28000.0,3400.999999999999,7500.0,17098.99999999998,6.113485770083551,1.8285655185176144,1.528468336221993,0.5983481801268404,0.25762020770999994
6,12000.0,1250.9999999999993,0.0,10748.999999999985,6.857316565318046,2.12935796958528,1.621758865861191,0.6583683700369825,0.24989160147869993
7,500.0,1.0000000000000004,0.0,499.0000000000001,8.05444875961637,2.162625539239856,1.5731060998853552,0.6386173189358729,0.24239485343433892
8,1000.0,1.0000000000000004,0.0,999.0000000000006,9.106774787257702,2.303787282632837,1.5259129168887946,0.6194587993677967,0.23512300783130874
9,3000.0,350.9999999999992,0.0,2649.000000000001,10.0,2.38865740886176,1.5618335388125213,0.6008750353867628,0.22806931759636948
10,6500.0,700.9999999999991,0.0,5798.999999999987,10.0,2.6550491446987463,1.660240318313824,0.5828487843251599,0.22122723806847838
11,3500.0,350.99999999999994,0.0,3149.0000000000005,10.0,2.836962350124696,1.7048749825674103,0.5653633207954051,0.21459042092642402
12,9000.0,900.9999999999994,0.0,8098.999999999985,10.0,3.016145323810165,1.7394664746737538,0.6341401627549086,0.2081527082986313
13,11000.0,1400.9999999999993,0.0,9598.999999999987,10.0,3.251238339096942,1.9130023164930758,0.6151159578722614,0.20190812704967237
14,6000.0,700.9999999999993,0.0,5298.999999999993,10.0,3.428430501229741,2.001373333599548,0.5966624791360935,0.1958508832381822
15,7000.0,700.9999999999994,0.0,6298.999999999991,10.0,3.6700418622080107,2.065706157309352,0.5787626047620107,0.18997535674103672
16,13000.0,1600.9999999999993,0.0,11398.999999999984,10.0,3.820875789901886,2.209163279852356,0.6413592595562702,0.1842760960388056
17,10500.0,1250.9999999999995,0.0,9248.999999999989,10.0,3.9424823859214015,2.312963350119623,0.7174211761596013,0.17874781315764143
18,3000.0,350.9999999999992,0.0,2649.000000000001,10.0,4.037358875615078,2.3566643687959687,0.6958985408748133,0.17338537876291218
19,12000.0,1250.9999999999993,0.0,10748.99999999999,10.0,4.202477135474705,2.397952837347345,0.7377750651146928,0.1681838174000248
20,10000.0,1250.999999999999,0.0,8748.99999999998,10.0,4.233711033433167,2.483322464249627,0.8037905664628647,0.16313830287802406
21,10500.0,1250.999999999999,0.0,9248.99999999998,10.0,4.288922720566662,2.5400135688805765,0.8531905168478016,0.15824415379168333
22,25500.0,3200.999999999999,0.0,22298.99999999998,10.0,4.457162163946392,2.72538221386252,0.9294061802673204,0.15349682917793284
23,39000.0,4101.000000000002,25000.0,9898.999999999985,10.0,4.684624077250564,2.8596263905079544,1.0081471276748368,0.18580708015108743
24,30500.0,3200.999999999999,0.0,27298.999999999978,10.0,4.803661457749878,2.982876610080394,1.0727067446210465,0.2750368985230097
25,17500.0,1950.9999999999995,0.0,15548.99999999999,10.0,5.053278064783288,3.086872649441012,1.0982172259981473,0.2667857915673194
26,17500.0,2150.9999999999995,10000.0,5348.999999999996,10.0,5.059025347882601,3.1516120950005937,1.1681632479971267,0.2587822178202998
27,3000.0,350.99999999999983,0.0,2649.0000000000005,10.0,5.054429443791425,3.135149200356476,1.1331183505572129,0.2510187512856908
28,3500.0,350.99999999999943,0.0,3149.0000000000005,10.0,5.179140247448779,3.1408727816677318,1.0991248000404965,0.24348818874712005
29,7000.0,700.9999999999991,0.0,6298.99999999998,10.0,5.408920221305896,3.1857123261118994,1.0661510560392815,0.23618354308470646
30,11500.0,1250.9999999999993,0.0,10248.999999999985,10.0,5.54904827385273,3.2296881483053825,1.1123627662537519,0.22909803679216525
31,16000.0,1950.999999999999,0.0,14048.999999999996,10.0,5.718598808616259,3.3704403243681886,1.1498511389681685,0.2222250956884003
32,6000.0,700.9999999999993,0.0,5298.999999999989,10.0,5.810881256012935,3.4093109582591423,1.1153556047991233,0.21555834281774827
33,19000.0,2150.9999999999995,0.0,16848.999999999985,10.0,5.992395814139786,3.5106146277818686,1.2281168005752714,0.20909159253321583
34,31000.0,3200.999999999999,0.0,27798.99999999998,10.0,6.078948972880072,3.584818771762959,1.2726909437300855,0.28423649192929157
35,8000.0,900.9999999999993,0.0,7098.999999999985,10.0,6.096379927630444,3.5952065337474535,1.352442540555566,0.2757093971714128
36,13000.0,1600.999999999999,0.0,11398.99999999998,10.0,6.128577265296396,3.65668478409464,1.3777798655677396,0.2674381152562704
37,7500.0,1050.999999999999,2500.0,3948.999999999993,10.0,6.171696938620884,3.77396123185518,1.3364464696007075,0.2594149717985823
38,9000.0,1050.999999999999,0.0,7949.0,10.0,6.3728877112965066,3.8657208252138533,1.2963530755126862,0.2516325226446248
39,8000.0,900.9999999999999,0.0,7098.999999999996,10.0,6.3468812772431376,3.8472474031484434,1.354960685938311,0.24408354696528606
40,6000.0,700.9999999999995,0.0,5298.999999999999,10.0,6.48552474102346,3.9064115387088845,1.3143118653601615,0.23676104055632746
41,23000.0,2850.999999999999,2500.0,17648.999999999993,10.0,6.606160655497036,4.0598600291817135,1.4032652467376578,0.22965820933963763
42,2000.0,1.0000000000000004,0.0,1999.0000000000007,10.0,6.731247455874893,3.938064228306262,1.361167289335528,0.2227684630594485
43,13500.0,1600.999999999999,0.0,11898.999999999984,10.0,6.8056642564341345,3.9993263304757294,1.3901622885266303,0.21608540916766503
44,0.0,1.0000000000000004,0.0,-1.0000000000000004,10.0,6.6014943287411105,3.8793465405614573,1.3484574198708312,0.20960284689263506
45,8000.0,900.9999999999994,0.0,7098.999999999986,10.0,6.539222892801333,3.843106876092349,1.3881444290224414,0.203314761485856
46,28000.0,3550.999999999999,0.0,24448.99999999998,10.0,6.699808086966998,4.04714818917342,1.4543308569899975,0.1972153186412803
47,18000.0,2300.999999999999,0.0,15698.999999999982,10.0,6.769298087789808,4.157362961937928,1.4666729091296538,0.1912988590820419
48,7500.0,700.9999999999998,0.0,6798.9999999999945,10.0,6.964537750675914,4.156652385417157,1.4226727218557642,0.18555989330958061
49,5500.0,700.9999999999998,0.0,4799.0,10.0,7.071097282070926,4.250683091215643,1.3799925402000912,0.1799930965102932
50,21000.0,2500.9999999999995,0.0,18498.999999999985,10.0,7.194710431340922,4.364881720871929,1.4740417594032176,0.17459330361498437
51,19500.0,2150.9999999999995,0.0,17348.99999999999,10.0,7.3716419805466185,4.430598140452138,1.5710720444998838,0.16935550450653483
52,20500.0,2150.9999999999995,0.0,18348.999999999985,10.0,7.551209425608428,4.458237704171914,1.6392590319927711,0.16427483937133877
53,8000.0,1050.9999999999993,0.0,6948.999999999984,10.0,7.591827775363942,4.530798638582027,1.590081261032988,0.15934659419019861
54,15500.0,1800.9999999999995,0.0,13698.999999999989,10.0,7.5799710333971975,4.555144239978317,1.7026483837557491,0.15456619636449265
55,28500.0,3400.9999999999995,0.0,25098.99999999999,10.0,7.694322726718817,4.680597291381565,1.8236625487306777,0.14992921047355787
56,20000.0,2150.9999999999995,0.0,17848.999999999993,10.0,7.80730167099542,4.693222234733506,1.8788744866887974,0.14543133415935114
57,24500.0,2700.999999999999,0.0,21798.99999999998,10.0,7.921299327461975,4.733262614305999,2.003345298702632,0.1410683941345706
58,24500.0,2850.999999999999,0.0,21648.999999999978,10.0,8.04897194182183,4.8143168195441595,2.045709758295908,0.13683634231053346
59,13500.0,1600.9999999999993,7500.0,4398.999999999991,10.0,8.095517003077386,4.84602036531234,2.034022379323287,0.13273125204121744
60,2000.0,1.0000000000000004,0.0,1999.0000000000005,10.0,8.145616125617417,4.700639754352969,1.9730017079435886,0.12874931447998092
